conf;p_ha;p_nha;r_ha;r_nha
0.0;0.14540059347181009;0.08291873963515754;0.98;0.9433962264150944
0.001001001001001001;0.14542666663273382;0.08291873963515754;0.98;0.9433962264150944
0.002002002002002002;0.21156061049267144;0.11128296179428206;0.97;0.9056603773584906
0.003003003003003003;0.26264979126363586;0.1300838454917242;0.97;0.9056603773584906
0.004004004004004004;0.3068973381424724;0.15276811986232913;0.97;0.9056603773584906
0.005005005005005005;0.33255657069978395;0.17652361730566726;0.96;0.8867924528301887
0.006006006006006006;0.35930883412009457;0.20940326869496415;0.96;0.8679245283018868
0.007007007007007007;0.3822952348276843;0.22747176318296555;0.96;0.8679245283018868
0.008008008008008008;0.4057094213170341;0.25107500174058833;0.96;0.8490566037735849
0.009009009009009009;0.427784081329062;0.2659233861264133;0.96;0.8270523668455863
0.01001001001001001;0.45446667871061264;0.2855438856425833;0.95;0.8113207547169812
0.011011011011011011;0.46708980871633987;0.2992412149873311;0.95;0.7924528301886793
0.012012012012012012;0.47582233032166354;0.31243013983850315;0.95;0.7924528301886793
0.013013013013013013;0.4801719539321087;0.3217628227938756;0.95;0.7924528301886793
0.014014014014014014;0.48704663047803703;0.3319349515037202;0.95;0.7924528301886793
0.015015015015015015;0.49625711820661655;0.34516977208255056;0.94;0.7924528301886793
0.016016016016016016;0.49889943951482374;0.35313601738473055;0.94;0.7924528301886793
0.017017017017017015;0.5017924686261418;0.3615354087971687;0.94;0.7924528301886793
0.018018018018018018;0.5064579558123967;0.36981695992993563;0.94;0.7924528301886793
0.01901901901901902;0.5132909057539095;0.37599565598866863;0.94;0.7924528301886793
0.02002002002002002;0.5214135796566997;0.37771371938638865;0.94;0.7924528301886793
0.02102102102102102;0.5258468615552625;0.3793720713394318;0.94;0.7924528301886793
0.022022022022022022;0.542480459782028;0.3809927475922279;0.94;0.7924528301886793
0.023023023023023025;0.5468980866079691;0.3836293858328721;0.94;0.7924528301886793
0.024024024024024024;0.5495071966942958;0.3939193118552415;0.94;0.7924528301886793
0.025025025025025023;0.5567127713885172;0.3998501559007822;0.94;0.7924528301886793
0.026026026026026026;0.5656857376106637;0.40378193140098795;0.94;0.7924528301886793
0.02702702702702703;0.5713828248030248;0.4101608296411558;0.94;0.7924528301886793
0.028028028028028028;0.5804660150673007;0.4192962430896849;0.94;0.7924528301886793
0.029029029029029027;0.5820814220129034;0.42282630238714963;0.94;0.7924528301886793
0.03003003003003003;0.583696828958506;0.43207500683633737;0.94;0.7924528301886793
0.031031031031031032;0.5952967002789868;0.4340306418041398;0.94;0.7924528301886793
0.03203203203203203;0.5972547635017729;0.435160576243847;0.94;0.7924528301886793
0.03303303303303303;0.5998087862115921;0.43629051068355423;0.94;0.7924528301886793
0.03403403403403403;0.6073563201371692;0.43742044512326145;0.94;0.7924528301886793
0.035035035035035036;0.615196143880216;0.44723068313945874;0.94;0.7924528301886793
0.036036036036036036;0.6171737322797622;0.4489246544306906;0.94;0.7924528301886793
0.037037037037037035;0.6218487954283751;0.45061862572192246;0.94;0.7924528301886793
0.03803803803803804;0.6242865084772001;0.4522078205402331;0.94;0.7924528301886793
0.03903903903903904;0.6261936573837925;0.45364812609891947;0.94;0.7924528301886793
0.04004004004004004;0.6281605878250852;0.4550884316576059;0.94;0.7924528301886793
0.04104104104104104;0.630147235468518;0.4565463226531885;0.94;0.7924528301886793
0.04204204204204204;0.6321252551360703;0.4613933124579967;0.94;0.7919950824147065
0.043043043043043044;0.6340983141086305;0.44977349780352754;0.94;0.7547169811320755
0.044044044044044044;0.6359989071947098;0.4551446211907115;0.94;0.7547169811320755
0.04504504504504504;0.6378192491489861;0.4582326683160422;0.94;0.7547169811320755
0.04604604604604605;0.6395738347755449;0.462332740396237;0.94;0.7547169811320755
0.04704704704704705;0.6407429619436082;0.4763677405256164;0.94;0.7547169811320755
0.04804804804804805;0.6419120891116715;0.4774466119647393;0.94;0.7547169811320755
0.04904904904904905;0.6430812162797348;0.47852548340386214;0.94;0.7547169811320755
0.050050050050050046;0.6449735355769651;0.47960435484298497;0.94;0.7547169811320755
0.05105105105105105;0.6481813618089654;0.48068322628210786;0.94;0.7547169811320755
0.05205205205205205;0.6529760212342313;0.4817620977212307;0.94;0.7547169811320755
0.05305305305305305;0.6538113576392082;0.4837463129014109;0.94;0.7547169811320755
0.05405405405405406;0.6546466940441851;0.4858947059497597;0.94;0.7547169811320755
0.055055055055055056;0.6554820304491619;0.4884840741925394;0.94;0.7547169811320755
0.056056056056056056;0.6563173668541388;0.49479244376664894;0.94;0.7547169811320755
0.057057057057057055;0.6571527032591157;0.5002486135181317;0.94;0.7547169811320755
0.058058058058058054;0.6620746264047772;0.5010478882654918;0.94;0.7547169811320755
0.05905905905905906;0.6627077085397682;0.5018471630128521;0.94;0.7547169811320755
0.06006006006006006;0.6633407906747593;0.5026464377602123;0.94;0.7547169811320755
0.06106106106106106;0.6639738728097503;0.5034457125075726;0.94;0.7547169811320755
0.062062062062062065;0.6646069549447413;0.5042449872549328;0.94;0.7547169811320755
0.06306306306306306;0.6652400370797323;0.5050442620022931;0.94;0.7547169811320755
0.06406406406406406;0.6658731192147234;0.5058435367496533;0.94;0.7547169811320755
0.06506506506506507;0.6665062013497145;0.5080957225930499;0.94;0.7547169811320755
0.06606606606606606;0.6714836628999403;0.5125968912959573;0.94;0.7547169811320755
0.06706706706706707;0.6723261686960234;0.5197244851390356;0.94;0.7547169811320755
0.06806806806806806;0.6731686744921064;0.5211682683379328;0.94;0.7547169811320755
0.06906906906906907;0.6740111802881894;0.5226120515368302;0.94;0.7547169811320755
0.07007007007007007;0.6748536860842723;0.5240558347357275;0.94;0.7547169811320755
0.07107107107107107;0.6756961918803553;0.5254996179346249;0.94;0.7547169811320755
0.07207207207207207;0.6795511699878816;0.5284343498047503;0.94;0.7547169811320755
0.07307307307307308;0.6834786050415875;0.5333079715163566;0.94;0.7547169811320755
0.07407407407407407;0.6862235839773989;0.5349532015108976;0.94;0.7547169811320755
0.07507507507507508;0.6884363453621185;0.5365815434091656;0.94;0.7547169811320755
0.07607607607607608;0.690649106746838;0.5382098853074335;0.94;0.7547169811320755
0.07707707707707707;0.6930208472453353;0.5398382272057015;0.94;0.7547169811320755
0.07807807807807808;0.6954423325868081;0.5409518777452391;0.94;0.7547169811320755
0.07907907907907907;0.6979332690287678;0.5416751789814851;0.94;0.7547169811320755
0.08008008008008008;0.7004620414521839;0.542398480217731;0.94;0.7547169811320755
0.08108108108108109;0.70190211357731;0.5431217814539768;0.94;0.7547169811320755
0.08208208208208208;0.7025933912676453;0.5438450826902228;0.94;0.7547169811320755
0.08308308308308308;0.7032846689579806;0.5445683839264687;0.94;0.7547169811320755
0.08408408408408408;0.703975946648316;0.5452916851627145;0.94;0.7547169811320755
0.08508508508508508;0.7046672243386513;0.5460149863989605;0.94;0.7547169811320755
0.08608608608608609;0.7053585020289865;0.5467382876352064;0.94;0.7547169811320755
0.08708708708708708;0.7060497797193218;0.5474615888714522;0.94;0.7547169811320755
0.08808808808808809;0.7067410574096571;0.5481215314490333;0.94;0.7547169811320755
0.0890890890890891;0.7085827372075867;0.5486536339568732;0.94;0.7547169811320755
0.09009009009009009;0.7104691246527503;0.5491857364647129;0.94;0.7547169811320755
0.09109109109109109;0.7124706610850852;0.5497178389725527;0.94;0.7547169811320755
0.0920920920920921;0.7152841318649609;0.5502499414803925;0.94;0.7547169811320755
0.09309309309309309;0.7176846721692057;0.5507820439882323;0.94;0.7547169811320755
0.0940940940940941;0.71834811751382;0.551314146496072;0.94;0.7547169811320755
0.09509509509509509;0.7190115628584344;0.5518462490039119;0.94;0.7547169811320755
0.0960960960960961;0.7196750082030486;0.5523783515117516;0.94;0.7547169811320755
0.0970970970970971;0.7203384535476629;0.5529104540195914;0.94;0.7547169811320755
0.0980980980980981;0.7210018988922773;0.5534425565274311;0.94;0.7547169811320755
0.0990990990990991;0.7216653442368915;0.553974659035271;0.94;0.7547169811320755
0.10010010010010009;0.7223287895815058;0.5545067615431107;0.94;0.7547169811320755
0.1011011011011011;0.7229922349261202;0.5550388640509505;0.94;0.7547169811320755
0.1021021021021021;0.7235144095291357;0.5559596234669519;0.94;0.7547169811320755
0.1031031031031031;0.7240159123236685;0.5636533867922374;0.94;0.7547169811320755
0.1041041041041041;0.7245174151182011;0.5642368103935995;0.94;0.7547169811320755
0.10510510510510511;0.7250189179127339;0.5648202339949616;0.94;0.7547169811320755
0.1061061061061061;0.7255204207072665;0.5654036575963237;0.94;0.7547169811320755
0.10710710710710711;0.7260219235017992;0.5659870811976858;0.94;0.7547169811320755
0.10810810810810811;0.7265234262963319;0.5665705047990479;0.94;0.7547169811320755
0.1091091091091091;0.7270249290908646;0.56715392840041;0.94;0.7547169811320755
0.11011011011011011;0.7275264318853973;0.5677373520017722;0.94;0.7547169811320755
0.1111111111111111;0.72802793467993;0.5683207756031343;0.94;0.7547169811320755
0.11211211211211211;0.7285294374744627;0.5689041992044964;0.94;0.7547169811320755
0.11311311311311312;0.7333688895436024;0.5694876228058585;0.94;0.7547169811320755
0.11411411411411411;0.7349820675842944;0.5700710464072206;0.94;0.7547169811320755
0.11511511511511512;0.735695671977806;0.5706544700085827;0.94;0.7547169811320755
0.11611611611611611;0.7364092763713177;0.5712378936099448;0.94;0.7547169811320755
0.11711711711711711;0.7371228807648293;0.5742332773459472;0.94;0.7547169811320755
0.11811811811811812;0.7378364851583411;0.5783996661373931;0.94;0.7547169811320755
0.11911911911911911;0.7385500895518528;0.5866113709628648;0.94;0.7547169811320755
0.12012012012012012;0.7392636939453644;0.5929596689225559;0.94;0.7547169811320755
0.12112112112112113;0.7399772983388762;0.5976551436981572;0.94;0.7547169811320755
0.12212212212212212;0.7407365034802317;0.5999409628048659;0.94;0.7547169811320755
0.12312312312312312;0.7415111118603507;0.6022267819115746;0.94;0.7547169811320755
0.12412412412412413;0.7422857202404697;0.6045126010182834;0.94;0.7547169811320755
0.12512512512512514;0.7430603286205888;0.6062344202886906;0.94;0.7547169811320755
0.12612612612612611;0.7438349370007078;0.6067729135253356;0.94;0.7547169811320755
0.12712712712712712;0.7446095453808268;0.6073114067619806;0.94;0.7547169811320755
0.12812812812812813;0.7453841537609458;0.6078498999986256;0.94;0.7547169811320755
0.12912912912912913;0.7460937703420841;0.6083883932352707;0.94;0.7547169811320755
0.13013013013013014;0.7464720259099533;0.6089268864719157;0.94;0.7547169811320755
0.13113113113113112;0.7468502814778226;0.6094653797085607;0.94;0.7547169811320755
0.13213213213213212;0.7472285370456919;0.6100038729452057;0.94;0.7547169811320755
0.13313313313313313;0.7476067926135612;0.6105423661818508;0.94;0.7547169811320755
0.13413413413413414;0.7479850481814305;0.6110808594184958;0.94;0.7547169811320755
0.13513513513513514;0.7483633037492998;0.6116193526551408;0.94;0.7547169811320755
0.13613613613613612;0.748741559317169;0.6121578458917858;0.94;0.7547169811320755
0.13713713713713713;0.7491198148850383;0.6126963391284308;0.94;0.7547169811320755
0.13813813813813813;0.7494980704529076;0.6132348323650758;0.94;0.7547169811320755
0.13913913913913914;0.7498763260207769;0.6137733256017208;0.94;0.7547169811320755
0.14014014014014015;0.7502545815886462;0.6143118188383658;0.94;0.7547169811320755
0.14114114114114115;0.7506328371565155;0.6148503120750108;0.94;0.7547169811320755
0.14214214214214213;0.7510110927243848;0.6154163200521704;0.94;0.7547169811320755
0.14314314314314314;0.751389348292254;0.6194910327819424;0.94;0.7547169811320755
0.14414414414414414;0.7517676038601233;0.6235657455117145;0.94;0.7547169811320755
0.14514514514514515;0.7523552926087124;0.632789700972248;0.94;0.7547169811320755
0.14614614614614616;0.7532766688222202;0.6399486093011332;0.94;0.7547169811320755
0.14714714714714713;0.7541980450357281;0.6486111670341246;0.94;0.7547169811320755
0.14814814814814814;0.7551194212492359;0.6616982406223207;0.94;0.7547169811320755
0.14914914914914915;0.7560407974627437;0.666215908887944;0.94;0.7532116202484171
0.15015015015015015;0.7569621736762515;0.6651417634764745;0.94;0.7496243799119998
0.15115115115115116;0.7578835498897594;0.6640676180650049;0.94;0.7460371395755824
0.15215215215215216;0.7582727219992818;0.6629934726535353;0.94;0.742449899239165
0.15315315315315314;0.7585318162079449;0.6619193272420657;0.94;0.7388626589027478
0.15415415415415415;0.7587909104166078;0.6612298427264249;0.94;0.7358490566037735
0.15515515515515516;0.759050004625271;0.6625611707865371;0.94;0.7358490566037735
0.15615615615615616;0.7593090988339339;0.6638924988466492;0.94;0.7358490566037735
0.15715715715715717;0.7595681930425969;0.6652238269067614;0.94;0.7358490566037735
0.15815815815815815;0.75982728725126;0.6665551549668735;0.94;0.7358490566037735
0.15915915915915915;0.760086381459923;0.6678864830269856;0.94;0.7358490566037735
0.16016016016016016;0.7603454756685861;0.6692178110870978;0.94;0.7358490566037735
0.16116116116116116;0.7606045698772491;0.6705491391472099;0.94;0.7358490566037735
0.16216216216216217;0.7608636640859121;0.6718804672073221;0.94;0.7358490566037735
0.16316316316316315;0.7611227582945752;0.6755789516545962;0.94;0.7358490566037735
0.16416416416416416;0.7613818525032382;0.6808594691569545;0.94;0.7358490566037735
0.16516516516516516;0.7616409467119013;0.6851640679370368;0.94;0.7358490566037735
0.16616616616616617;0.7619000409205643;0.6877737060346145;0.94;0.7358490566037735
0.16716716716716717;0.7621591351292274;0.6903833441321922;0.94;0.7358490566037735
0.16816816816816815;0.7624182293378904;0.6929929822297698;0.94;0.7358490566037735
0.16916916916916916;0.7626773235465534;0.6956026203273475;0.94;0.7358490566037735
0.17017017017017017;0.7629364177552165;0.6969331007272316;0.94;0.7358490566037735
0.17117117117117117;0.7631955119638795;0.6976712565145526;0.94;0.7358490566037735
0.17217217217217218;0.7634546061725426;0.6984094123018736;0.94;0.7358490566037735
0.17317317317317318;0.7637137003812056;0.6991475680891946;0.94;0.7358490566037735
0.17417417417417416;0.7639727945898686;0.6998857238765156;0.94;0.7358490566037735
0.17517517517517517;0.7642121897796952;0.7006238796638367;0.9399200413221053;0.7358490566037735
0.17617617617617617;0.7632693823931053;0.7013620354511576;0.935041500755496;0.7358490566037735
0.17717717717717718;0.7623265750065155;0.7021001912384787;0.9301629601888867;0.7358490566037735
0.1781781781781782;0.7625640673627719;0.7028383470257997;0.93;0.7358490566037735
0.17917917917917917;0.7628423483078405;0.7035765028131207;0.93;0.7358490566037735
0.18018018018018017;0.763120629252909;0.7043146586004417;0.93;0.7358490566037735
0.18118118118118118;0.7633989101979776;0.7050528143877627;0.93;0.7358490566037735
0.18218218218218218;0.7636771911430461;0.7057909701750837;0.93;0.7358490566037735
0.1831831831831832;0.7639554720881147;0.7065291259624047;0.93;0.7358490566037735
0.1841841841841842;0.7642337530331831;0.7072672817497258;0.93;0.7358490566037735
0.18518518518518517;0.7645120339782516;0.7080054375370467;0.93;0.7358490566037735
0.18618618618618618;0.7647903149233202;0.7087435933243678;0.93;0.7358490566037735
0.1871871871871872;0.7650685958683887;0.7093254592712207;0.93;0.7358490566037735
0.1881881881881882;0.7653468768134573;0.7097684399380133;0.93;0.7358490566037735
0.1891891891891892;0.7656251577585258;0.7102114206048059;0.93;0.7358490566037735
0.19019019019019018;0.7659034387035943;0.7106544012715984;0.93;0.7358490566037735
0.19119119119119118;0.7661817196486629;0.711097381938391;0.93;0.7358490566037735
0.1921921921921922;0.7664600005937314;0.7115403626051836;0.93;0.7358490566037735
0.1931931931931932;0.7667382815388;0.7119833432719762;0.93;0.7358490566037735
0.1941941941941942;0.7670165624838685;0.7124263239387687;0.93;0.7358490566037735
0.19519519519519518;0.7672948434289371;0.7128693046055613;0.93;0.7358490566037735
0.1961961961961962;0.7675731243740056;0.7133122852723539;0.93;0.7358490566037735
0.1971971971971972;0.7678514053190741;0.7137552659391465;0.93;0.7358490566037735
0.1981981981981982;0.7681296862641426;0.714198246605939;0.93;0.7358490566037735
0.1991991991991992;0.7684079672092111;0.7146412272727316;0.93;0.7358490566037735
0.20020020020020018;0.768788461788655;0.7150842079395242;0.93;0.7358490566037735
0.2012012012012012;0.7693786065070819;0.7155271886063168;0.93;0.7358490566037735
0.2022022022022022;0.7699687512255087;0.7159701692731094;0.93;0.7358490566037735
0.2032032032032032;0.7705588959439356;0.7164131499399019;0.93;0.7358490566037735
0.2042042042042042;0.7711490406623623;0.7168561306066945;0.93;0.7358490566037735
0.20520520520520522;0.7717391853807891;0.7172991112734871;0.93;0.7358490566037735
0.2062062062062062;0.772329330099216;0.7177420919402797;0.93;0.7358490566037735
0.2072072072072072;0.7729194748176428;0.7181850726070722;0.93;0.7358490566037735
0.2082082082082082;0.7735096195360697;0.7186280532738648;0.93;0.7358490566037735
0.2092092092092092;0.7740997642544964;0.7190710339406574;0.93;0.7358490566037735
0.21021021021021022;0.7746899089729232;0.71951401460745;0.93;0.7358490566037735
0.2112112112112112;0.7749252510025727;0.7199569952742425;0.9296046608580512;0.7358490566037735
0.2122122122122122;0.7747677357567397;0.7203999759410351;0.9287715802245348;0.7358490566037735
0.2132132132132132;0.7746102205109069;0.7208429566078277;0.9279384995910183;0.7358490566037735
0.21421421421421422;0.7744527052650739;0.7212859372746203;0.9271054189575019;0.7358490566037735
0.21521521521521522;0.774295190019241;0.7217289179414129;0.9262723383239855;0.7358490566037735
0.21621621621621623;0.774137674773408;0.7221718986082054;0.9254392576904691;0.7358490566037735
0.2172172172172172;0.773980159527575;0.7250990370105994;0.9246061770569526;0.7358490566037735
0.2182182182182182;0.7738226442817422;0.7283445494092312;0.9237730964234362;0.7358490566037735
0.21921921921921922;0.7736651290359092;0.7315900618078629;0.9229400157899198;0.7358490566037735
0.22022022022022023;0.7735076137900763;0.7348355742064947;0.9221069351564034;0.7358490566037735
0.22122122122122123;0.7733500985442433;0.7393948396505415;0.9212738545228869;0.7358490566037735
0.2222222222222222;0.7731925832984105;0.7445506318371017;0.9204407738893705;0.7358490566037735
0.22322322322322322;0.7735308715313285;0.749706424023662;0.92;0.7358490566037735
0.22422422422422422;0.7744262167890201;0.7506395697925536;0.92;0.7358490566037735
0.22522522522522523;0.7753215620467118;0.7513177561990478;0.92;0.7358490566037735
0.22622622622622623;0.7762169073044033;0.7519959426055419;0.92;0.7358490566037735
0.2272272272272272;0.7771122525620949;0.752674129012036;0.92;0.7358490566037735
0.22822822822822822;0.7780075978197865;0.7533523154185302;0.92;0.7358490566037735
0.22922922922922923;0.7789029430774781;0.7540305018250243;0.92;0.7358490566037735
0.23023023023023023;0.7796779771497844;0.7547086882315184;0.92;0.7358490566037735
0.23123123123123124;0.7797885991493562;0.7553868746380126;0.92;0.7358490566037735
0.23223223223223222;0.779899221148928;0.7560650610445067;0.92;0.7358490566037735
0.23323323323323322;0.7800098431484997;0.7567432474510007;0.92;0.7358490566037735
0.23423423423423423;0.7801204651480715;0.7574214338574949;0.92;0.7358490566037735
0.23523523523523523;0.7802310871476433;0.758099620263989;0.92;0.7358490566037735
0.23623623623623624;0.7803417091472151;0.7587778066704831;0.92;0.7358490566037735
0.23723723723723725;0.7804523311467869;0.7594559930769773;0.92;0.7358490566037735
0.23823823823823823;0.7805629531463587;0.7601341794834714;0.92;0.7358490566037735
0.23923923923923923;0.7806735751459305;0.7608123658899655;0.92;0.7358490566037735
0.24024024024024024;0.7807841971455022;0.7614905522964597;0.92;0.7358490566037735
0.24124124124124124;0.780894819145074;0.7621687387029538;0.92;0.7358490566037735
0.24224224224224225;0.7810054411446458;0.762846925109448;0.92;0.7358490566037735
0.24324324324324323;0.7811160631442176;0.763525111515942;0.92;0.7358490566037735
0.24424424424424424;0.7812266851437893;0.7642032979224361;0.92;0.7358490566037735
0.24524524524524524;0.7813373071433611;0.764678340372798;0.92;0.7357386288531997
0.24624624624624625;0.7814479291429329;0.7645719714299899;0.92;0.7353121496013748
0.24724724724724725;0.7815585511425047;0.7644656024871819;0.92;0.7348856703495499
0.24824824824824826;0.7816691731420765;0.7643592335443737;0.92;0.734459191097725
0.24924924924924924;0.7817797951416483;0.7642528646015656;0.92;0.7340327118459
0.2502502502502503;0.7818904171412201;0.7641464956587575;0.92;0.733606232594075
0.25125125125125125;0.7820010391407919;0.7640401267159495;0.92;0.73317975334225
0.25225225225225223;0.7821116611403636;0.7639337577731413;0.92;0.7327532740904251
0.25325325325325326;0.7822222831399354;0.7638273888303332;0.92;0.7323267948386002
0.25425425425425424;0.7823329051395072;0.763721019887525;0.92;0.7319003155867753
0.2552552552552553;0.7824435271390789;0.7636146509447169;0.92;0.7314738363349502
0.25625625625625625;0.7825541491386507;0.7635082820019089;0.92;0.7310473570831253
0.25725725725725723;0.7826647711382225;0.7634019130591008;0.92;0.7306208778313004
0.25825825825825827;0.7827753931377943;0.7632955441162926;0.92;0.7301943985794754
0.25925925925925924;0.7828860151373661;0.7631891751734846;0.92;0.7297679193276504
0.2602602602602603;0.7829966371369379;0.7630828062306765;0.92;0.7293414400758255
0.26126126126126126;0.7831072591365097;0.7629764372878683;0.92;0.7289149608240005
0.26226226226226224;0.7832178811360815;0.7628700683450602;0.92;0.7284884815721756
0.26326326326326327;0.7833285031356533;0.7627636994022522;0.92;0.7280620023203506
0.26426426426426425;0.783439125135225;0.7626573304594441;0.92;0.7276355230685256
0.2652652652652653;0.7835497471347967;0.7625509615166359;0.92;0.7272090438167007
0.26626626626626626;0.7836603691343685;0.7624445925738278;0.92;0.7267825645648758
0.26726726726726724;0.7837709911339403;0.7623382236310198;0.92;0.7263560853130508
0.2682682682682683;0.7838816131335121;0.7622318546882116;0.92;0.7259296060612258
0.26926926926926925;0.7839922351330839;0.7621254857454035;0.92;0.7255031268094009
0.2702702702702703;0.7841028571326557;0.7620191168025954;0.92;0.725076647557576
0.27127127127127126;0.7842134791322275;0.7619127478597874;0.92;0.724650168305751
0.27227227227227224;0.7843241011317993;0.7618063789169792;0.92;0.7242236890539261
0.2732732732732733;0.7844347231313711;0.7617000099741711;0.92;0.723797209802101
0.27427427427427425;0.7845453451309429;0.761593641031363;0.92;0.7233707305502761
0.2752752752752753;0.7846559671305147;0.7614872720885549;0.92;0.7229442512984512
0.27627627627627627;0.7847665891300863;0.7613809031457468;0.92;0.7225177720466263
0.2772772772772773;0.7848772111296581;0.7612745342029387;0.92;0.7220912927948012
0.2782782782782783;0.7849878331292299;0.7611681652601305;0.92;0.7216648135429763
0.27927927927927926;0.7850984551288017;0.7610617963173225;0.92;0.7212383342911514
0.2802802802802803;0.7852090771283735;0.7609554273745144;0.92;0.7208118550393264
0.28128128128128127;0.7853196991279453;0.7608490584317062;0.92;0.7203853757875015
0.2822822822822823;0.7854303211275171;0.7607426894888981;0.92;0.7199588965356765
0.2832832832832833;0.7855409431270889;0.7606363205460901;0.92;0.7195324172838515
0.28428428428428426;0.7856515651266607;0.760529951603282;0.92;0.7191059380320266
0.2852852852852853;0.7857621871262325;0.7604235826604738;0.92;0.7186794587802017
0.2862862862862863;0.7858728091258043;0.7603172137176657;0.92;0.7182529795283766
0.2872872872872873;0.785983431125376;0.7602108447748577;0.92;0.7178265002765517
0.2882882882882883;0.7860940531249477;0.7601044758320495;0.92;0.7174000210247268
0.28928928928928926;0.7862046751245195;0.7599972934867621;0.92;0.7169707060417723
0.2902902902902903;0.7863152971240913;0.7598452215857903;0.92;0.716384894473563
0.2912912912912913;0.7862879134861327;0.7596931496848184;0.9197998247335176;0.7157990829053539
0.2922922922922923;0.7862475809017778;0.7595410777838465;0.9195808671995719;0.7152132713371446
0.2932932932932933;0.786207248317423;0.7593890058828747;0.919361909665626;0.7146274597689355
0.29429429429429427;0.7861669157330681;0.7592369339819028;0.9191429521316803;0.7140416482007262
0.2952952952952953;0.7861265831487132;0.759084862080931;0.9189239945977346;0.713455836632517
0.2962962962962963;0.7860862505643583;0.7589327901799591;0.9187050370637888;0.7128700250643079
0.2972972972972973;0.7860459179800035;0.7587807182789872;0.9184860795298431;0.7122842134960986
0.2982982982982983;0.7860055853956486;0.7586286463780154;0.9182671219958972;0.7116984019278895
0.29929929929929927;0.7859652528112937;0.7584765744770435;0.9180481644619515;0.7111125903596802
0.3003003003003003;0.7859249202269388;0.7583245025760716;0.9178292069280057;0.710526778791471
0.3013013013013013;0.785884587642584;0.7581724306750998;0.91761024939406;0.7099409672232618
0.3023023023023023;0.7858442550582291;0.758020358774128;0.9173912918601141;0.7093551556550526
0.3033033033033033;0.7858039224738742;0.7578682868731561;0.9171723343261684;0.7087693440868434
0.30430430430430433;0.7857635898895193;0.7577162149721842;0.9169533767922227;0.7081835325186342
0.3053053053053053;0.7857232573051645;0.7575641430712123;0.9167344192582769;0.7075977209504251
0.3063063063063063;0.7856829247208096;0.7574120711702405;0.9165154617243312;0.7070119093822158
0.3073073073073073;0.7856425921364547;0.7572599992692687;0.9162965041903853;0.7064260978140066
0.3083083083083083;0.7856022595520998;0.7571079273682968;0.9160775466564396;0.7058402862457974
0.30930930930930933;0.785561926967745;0.7569558554673249;0.9158585891224938;0.7052544746775882
0.3103103103103103;0.7855215943833901;0.756803783566353;0.9156396315885481;0.704668663109379
0.3113113113113113;0.7854812617990352;0.7566517116653813;0.9154206740546024;0.7040828515411698
0.3123123123123123;0.7854409292146803;0.7564996397644094;0.9152017165206565;0.7034970399729605
0.3133133133133133;0.7854005966303255;0.7563475678634375;0.9149827589867108;0.7029112284047514
0.31431431431431434;0.7853602640459705;0.7561954959624656;0.914763801452765;0.7023254168365421
0.3153153153153153;0.7853199314616156;0.7560434240614937;0.9145448439188193;0.701739605268333
0.3163163163163163;0.7852795988772607;0.755891352160522;0.9143258863848736;0.7011537937001238
0.3173173173173173;0.7852392662929059;0.7557392802595501;0.9141069288509277;0.7005679821319145
0.3183183183183183;0.785198933708551;0.7555872083585782;0.913887971316982;0.6999821705637054
0.31931931931931934;0.7851586011241961;0.7554351364576063;0.9136690137830362;0.6993963589954961
0.3203203203203203;0.7851182685398412;0.7552830645566344;0.9134500562490905;0.698810547427287
0.3213213213213213;0.7850779359554864;0.7551309926556626;0.9132310987151446;0.6982247358590777
0.32232232232232233;0.7850376033711315;0.7546373506652848;0.9130121411811989;0.6963947307621855
0.3233233233233233;0.7849972707867766;0.7540633880332576;0.9127931836472531;0.6942721519720472
0.32432432432432434;0.7849569382024217;0.7534894254012304;0.9125742261133074;0.6921495731819086
0.3253253253253253;0.7849166056180669;0.7529154627692032;0.9123552685793617;0.6900269943917703
0.3263263263263263;0.784876273033712;0.7523415001371759;0.9121363110454158;0.687904415601632
0.32732732732732733;0.7848359404493571;0.7517675375051488;0.9119173535114701;0.6857818368114935
0.3283283283283283;0.7847956078650022;0.7511935748731216;0.9116983959775243;0.6836592580213552
0.32932932932932935;0.7847552752806474;0.7506196122410943;0.9114794384435786;0.6815366792312167
0.3303303303303303;0.7847149426962925;0.7500456496090672;0.9112604809096329;0.6794141004410783
0.3313313313313313;0.7846746101119376;0.7497671598028103;0.911041523375687;0.6784193593005344
0.33233233233233234;0.7846342775275827;0.7495142007300394;0.9108225658417413;0.6775220705141017
0.3333333333333333;0.7845939449432279;0.7492612416572685;0.9106036083077955;0.6766247817276692
0.33433433433433435;0.784553612358873;0.7490082825844976;0.9103846507738498;0.6757274929412366
0.3353353353353353;0.7845132797745181;0.7487553235117267;0.9101656932399039;0.674830204154804
0.3363363363363363;0.7850681549556363;0.7485023644389558;0.91;0.6739329153683714
0.33733733733733734;0.7874745876360397;0.7482494053661849;0.91;0.6730356265819387
0.3383383383383383;0.7898810203164429;0.747996446293414;0.91;0.6721383377955061
0.33933933933933935;0.7910347420839615;0.7477434872206431;0.9085272786336399;0.6712410490090736
0.34034034034034033;0.7903748044821952;0.7474905281478722;0.9049223694839915;0.670343760222641
0.34134134134134136;0.7897148668804289;0.7472375690751013;0.9013174603343429;0.6694464714362084
0.34234234234234234;0.7891140434824871;0.7469846100023304;0.8980696283922499;0.6685491826497758
0.3433433433433433;0.7885472670184983;0.7467316509295595;0.8950274557217895;0.6676518938633432
0.34434434434434436;0.7879804905545094;0.7464786918567886;0.891985283051329;0.6667546050769105
0.34534534534534533;0.7875800940623224;0.7462257327840177;0.8898390293553134;0.665857316290478
0.34634634634634637;0.7874922291080745;0.7459727737112468;0.8893756881632463;0.6649600275040454
0.34734734734734735;0.7874043641538266;0.7457198146384759;0.8889123469711792;0.6640627387176128
0.3483483483483483;0.7873164991995788;0.745466855565705;0.888449005779112;0.6631654499311802
0.34934934934934936;0.7872286342453308;0.7452138964929341;0.8879856645870449;0.6622681611447475
0.35035035035035034;0.787140769291083;0.7449609374201632;0.8875223233949777;0.6613708723583149
0.35135135135135137;0.7870529043368352;0.7447079783473923;0.8870589822029106;0.6604735835718824
0.35235235235235235;0.7869650393825872;0.7456150906193381;0.8865956410108435;0.660377358490566
0.3533533533533533;0.7868771744283394;0.746661552556941;0.8861322998187764;0.660377358490566
0.35435435435435436;0.7867893094740915;0.747708014494544;0.8856689586267092;0.660377358490566
0.35535535535535534;0.7867014445198436;0.7487544764321471;0.8852056174346421;0.660377358490566
0.3563563563563564;0.7866135795655957;0.7498009383697501;0.884742276242575;0.660377358490566
0.35735735735735735;0.7865257146113479;0.7508474003073531;0.8842789350505078;0.660377358490566
0.35835835835835833;0.7864378496571;0.751893862244956;0.8838155938584407;0.660377358490566
0.35935935935935936;0.7863499847028521;0.7529403241825591;0.8833522526663735;0.660377358490566
0.36036036036036034;0.7862621197486043;0.7539867861201621;0.8828889114743064;0.660377358490566
0.3613613613613614;0.7861742547943563;0.7550332480577651;0.8824255702822392;0.660377358490566
0.36236236236236236;0.7860863898401085;0.7560797099953681;0.8819622290901721;0.660377358490566
0.36336336336336333;0.7859985248858606;0.757126171932971;0.8814988878981049;0.660377358490566
0.36436436436436437;0.7859106599316127;0.7581726338705741;0.8810355467060378;0.660377358490566
0.36536536536536535;0.7858227949773648;0.759219095808177;0.8805722055139706;0.660377358490566
0.3663663663663664;0.7857349300231169;0.7602655577457801;0.8801088643219035;0.660377358490566
0.36736736736736736;0.7856743411714299;0.7635868008949799;0.8797930872680066;0.660377358490566
0.3683683683683684;0.7856221291551849;0.7700134140962274;0.8795226290238582;0.660377358490566
0.36936936936936937;0.7855699171389401;0.7764400272974744;0.8792521707797097;0.660377358490566
0.37037037037037035;0.7855177051226953;0.7788953298588487;0.8789817125355613;0.660377358490566
0.3713713713713714;0.7854654931064504;0.7803066618894285;0.878711254291413;0.660377358490566
0.37237237237237236;0.7854132810902055;0.7817179939200084;0.8784407960472645;0.660377358490566
0.3733733733733734;0.7853610690739606;0.7831293259505883;0.8781703378031162;0.660377358490566
0.3743743743743744;0.7853088570577158;0.7845406579811681;0.8778998795589678;0.660377358490566
0.37537537537537535;0.7852566450414709;0.7859519900117479;0.8776294213148194;0.660377358490566
0.3763763763763764;0.785204433025226;0.7873633220423278;0.877358963070671;0.660377358490566
0.37737737737737737;0.7851522210089812;0.7887746540729076;0.8770885048265226;0.660377358490566
0.3783783783783784;0.7851000089927362;0.7901859861034876;0.876818046582374;0.660377358490566
0.3793793793793794;0.7850477969764914;0.7915973181340673;0.8765475883382257;0.660377358490566
0.38038038038038036;0.7849955849602466;0.7930086501646472;0.8762771300940773;0.660377358490566
0.3813813813813814;0.7849433729440017;0.794419982195227;0.8760066718499289;0.660377358490566
0.38238238238238237;0.7848911609277568;0.795893111316021;0.8757362136057805;0.660377358490566
0.3833833833833834;0.784838948911512;0.7975359280647316;0.8754657553616321;0.660377358490566
0.3843843843843844;0.7847867368952671;0.7991787448134421;0.8751952971174837;0.660377358490566
0.38538538538538536;0.7847345248790223;0.8008215615621526;0.8749248388733353;0.660377358490566
0.3863863863863864;0.7846823128627773;0.8024643783108631;0.8746543806291869;0.660377358490566
0.38738738738738737;0.7846301008465325;0.8041071950595736;0.8743839223850385;0.660377358490566
0.3883883883883884;0.7845778888302877;0.8057500118082842;0.87411346414089;0.660377358490566
0.3893893893893894;0.7845256768140427;0.8073928285569947;0.8738430058967416;0.660377358490566
0.39039039039039036;0.7844734647977979;0.8090356453057052;0.8735725476525932;0.660377358490566
0.3913913913913914;0.7844212527815531;0.8106784620544157;0.8733020894084448;0.660377358490566
0.3923923923923924;0.7843690407653082;0.8123212788031262;0.8730316311642964;0.660377358490566
0.3933933933933934;0.7843168287490633;0.81396188067572;0.872761172920148;0.660377358490566
0.3943943943943944;0.7842646167328184;0.8152616622662611;0.8724907146759996;0.660377358490566
0.39539539539539537;0.7842124047165736;0.8165614438568023;0.8722202564318512;0.660377358490566
0.3963963963963964;0.7841601927003287;0.8178612254473435;0.8719497981877027;0.660377358490566
0.3973973973973974;0.7841079806840838;0.8191610070378846;0.8716793399435543;0.660377358490566
0.3983983983983984;0.784055768667839;0.8204607886284259;0.8714088816994059;0.660377358490566
0.3993993993993994;0.7840035566515942;0.821760570218967;0.8711384234552575;0.660377358490566
0.40040040040040037;0.7839513446353492;0.8230603518095082;0.8708679652111091;0.660377358490566
0.4014014014014014;0.7838991326191044;0.8243601334000494;0.8705975069669607;0.660377358490566
0.4024024024024024;0.7838469206028595;0.8256599149905905;0.8703270487228123;0.660377358490566
0.4034034034034034;0.7837947085866146;0.8269596965811318;0.8700565904786639;0.660377358490566
0.4044044044044044;0.7840342722359641;0.8282594781716729;0.87;0.660377358490566
0.40540540540540543;0.784351041183368;0.8295592597622141;0.87;0.660377358490566
0.4064064064064064;0.7846678101307718;0.8308590413527553;0.87;0.660377358490566
0.4074074074074074;0.7849845790781756;0.8321588229432965;0.87;0.660377358490566
0.4084084084084084;0.7853013480255795;0.8334676576927622;0.87;0.660377358490566
0.4094094094094094;0.7856181169729833;0.8348613725198252;0.87;0.660377358490566
0.41041041041041043;0.7859348859203872;0.8362550873468881;0.87;0.660377358490566
0.4114114114114114;0.786251654867791;0.837648802173951;0.87;0.660377358490566
0.4124124124124124;0.7865684238151949;0.839042517001014;0.87;0.660377358490566
0.4134134134134134;0.7868851927625987;0.8404362318280769;0.87;0.660377358490566
0.4144144144144144;0.7872019617100026;0.8418299466551399;0.87;0.660377358490566
0.41541541541541543;0.7875187306574064;0.8432236614822028;0.87;0.660377358490566
0.4164164164164164;0.7878354996048103;0.8446173763092658;0.87;0.660377358490566
0.4174174174174174;0.7881522685522141;0.8460110911363287;0.87;0.660377358490566
0.4184184184184184;0.7884690374996179;0.8474048059633916;0.87;0.660377358490566
0.4194194194194194;0.7887858064470218;0.8487985207904546;0.87;0.660377358490566
0.42042042042042044;0.7891025753944256;0.8501922356175176;0.87;0.660377358490566
0.4214214214214214;0.7894193443418295;0.8515859504445805;0.87;0.660377358490566
0.4224224224224224;0.7897361132892333;0.8529796652716434;0.87;0.660377358490566
0.42342342342342343;0.7900528822366372;0.8535922979462371;0.87;0.6600357504145562
0.4244244244244244;0.790369651184041;0.8534631539143541;0.87;0.659369724589751
0.42542542542542544;0.7906864201314449;0.8533340098824712;0.87;0.6587036987649457
0.4264264264264264;0.7909546157131413;0.8532048658505882;0.87;0.6580376729401406
0.4274274274274274;0.7911078688985851;0.8530757218187053;0.87;0.6573716471153354
0.42842842842842843;0.7912611220840289;0.8529465777868223;0.87;0.6567056212905301
0.4294294294294294;0.7914143752694727;0.8528174337549393;0.87;0.656039595465725
0.43043043043043044;0.7915676284549166;0.8526882897230563;0.87;0.6553735696409198
0.4314314314314314;0.7917208816403604;0.8525591456911734;0.87;0.6547075438161145
0.43243243243243246;0.7918741348258042;0.8524300016592904;0.87;0.6540415179913093
0.43343343343343343;0.792027388011248;0.8523008576274075;0.87;0.653375492166504
0.4344344344344344;0.7921806411966917;0.8521717135955246;0.87;0.6527094663416989
0.43543543543543545;0.7923338943821355;0.8520425695636415;0.87;0.6520434405168937
0.4364364364364364;0.7924871475675793;0.8519134255317586;0.87;0.6513774146920884
0.43743743743743746;0.7926404007530231;0.8517842814998756;0.87;0.6507113888672832
0.43843843843843844;0.7927936539384669;0.8516551374679927;0.87;0.6500453630424781
0.4394394394394394;0.7929469071239107;0.8515259934361097;0.87;0.6493793372176728
0.44044044044044045;0.7931001603093545;0.8513968494042268;0.87;0.6487133113928676
0.44144144144144143;0.7932534134947983;0.8512677053723438;0.87;0.6480472855680623
0.44244244244244246;0.7934066666802421;0.8511385613404608;0.87;0.6473812597432572
0.44344344344344344;0.7935599198656859;0.8510094173085778;0.87;0.646715233918452
0.4444444444444444;0.7937131730511297;0.8508802732766949;0.87;0.6460492080936467
0.44544544544544545;0.7938664262365734;0.8507511292448119;0.87;0.6453831822688415
0.44644644644644643;0.7940196794220172;0.850621985212929;0.87;0.6447171564440364
0.44744744744744747;0.7941729326074611;0.8504928411810461;0.87;0.6440511306192311
0.44844844844844844;0.7943261857929049;0.850363697149163;0.87;0.6433851047944259
0.4494494494494494;0.7944794389783487;0.8502345531172801;0.87;0.6427190789696207
0.45045045045045046;0.7946326921637925;0.8501054090853971;0.87;0.6420530531448155
0.45145145145145144;0.7947859453492363;0.849868086677543;0.87;0.6408623120030412
0.45245245245245247;0.7949391985346801;0.8491503341293601;0.87;0.6373412617666724
0.45345345345345345;0.7950924517201239;0.8484325815811773;0.87;0.6338202115303038
0.4544544544544544;0.7952457049055677;0.8477148290329944;0.87;0.630299161293935
0.45545545545545546;0.7953989580910115;0.8469970764848116;0.87;0.6267781110575662
0.45645645645645644;0.7955522112764553;0.8462793239366287;0.87;0.6232570608211975
0.4574574574574575;0.795705464461899;0.8486978861877787;0.87;0.6226415094339622
0.45845845845845845;0.7958587176473428;0.8517808998897051;0.87;0.6226415094339622
0.45945945945945943;0.7960119708327866;0.8548639135916313;0.87;0.6226415094339622
0.46046046046046046;0.7961652240182304;0.8579469272935577;0.87;0.6226415094339622
0.46146146146146144;0.7963184772036742;0.861029940995484;0.87;0.6226415094339622
0.4624624624624625;0.796471730389118;0.8641129546974105;0.87;0.6226415094339622
0.46346346346346345;0.7966249835745618;0.8671959683993367;0.87;0.6226415094339622
0.46446446446446443;0.7967782367600056;0.8683752401097946;0.87;0.6223984437523443
0.46546546546546547;0.7969314899454495;0.8682992196608564;0.87;0.6219951050685439
0.46646646646646645;0.7970847431308933;0.8682231992119183;0.87;0.6215917663847437
0.4674674674674675;0.7972379963163371;0.8681471787629801;0.87;0.6211884277009434
0.46846846846846846;0.7973912495017809;0.8680711583140419;0.87;0.620785089017143
0.4694694694694695;0.7975445026872247;0.8679951378651037;0.87;0.6203817503333428
0.47047047047047047;0.7976977558726684;0.8679191174161656;0.87;0.6199784116495424
0.47147147147147145;0.7978510090581122;0.8678430969672274;0.87;0.6195750729657421
0.4724724724724725;0.798004262243556;0.8677670765182892;0.87;0.6191717342819418
0.47347347347347346;0.7981575154289998;0.867691056069351;0.87;0.6187683955981415
0.4744744744744745;0.7983915573111564;0.8676150356204129;0.87;0.6183650569143412
0.4754754754754755;0.7986298275955632;0.8675390151714747;0.87;0.6179617182305408
0.47647647647647645;0.79886809787997;0.8674629947225365;0.87;0.6175583795467405
0.4774774774774775;0.799106368164377;0.8673869742735983;0.87;0.6171550408629403
0.47847847847847846;0.7993446384487838;0.8673109538246602;0.87;0.6167517021791399
0.4794794794794795;0.7995829087331906;0.867234933375722;0.87;0.6163483634953396
0.4804804804804805;0.7998211790175974;0.8671589129267838;0.87;0.6159450248115392
0.48148148148148145;0.8000594493020043;0.8670828924778455;0.87;0.615541686127739
0.4824824824824825;0.8002977195864112;0.8670068720289074;0.87;0.6151383474439387
0.48348348348348347;0.800535989870818;0.8669308515799692;0.87;0.6147350087601383
0.4844844844844845;0.8007742601552248;0.866854831131031;0.87;0.614331670076338
0.4854854854854855;0.8010125304396317;0.8667788106820928;0.87;0.6139283313925378
0.48648648648648646;0.8012508007240385;0.8667027902331547;0.87;0.6135249927087374
0.4874874874874875;0.8014890710084454;0.8666267697842165;0.87;0.6131216540249371
0.48848848848848847;0.8017273412928522;0.8665507493352783;0.87;0.6127183153411367
0.4894894894894895;0.8019656115772591;0.8664747288863401;0.87;0.6123149766573365
0.4904904904904905;0.8022038818616659;0.866398708437402;0.87;0.6119116379735362
0.49149149149149146;0.8024421521460727;0.8663226879884638;0.87;0.6115082992897358
0.4924924924924925;0.8026804224304795;0.8662466675395256;0.87;0.6111049606059356
0.4934934934934935;0.8029186927148865;0.8661706470905874;0.87;0.6107016219221352
0.4944944944944945;0.8031569629992933;0.8660946266416493;0.87;0.6102982832383349
0.4954954954954955;0.8033952332837001;0.8660186061927111;0.87;0.6098949445545346
0.4964964964964965;0.8036335035681069;0.8659425857437729;0.87;0.6094916058707343
0.4974974974974975;0.8038717738525138;0.8658665652948346;0.87;0.609088267186934
0.4984984984984985;0.8041100441369207;0.8657905448458965;0.87;0.6086849285031337
0.4994994994994995;0.8043483144213275;0.8657145243969583;0.87;0.6082815898193333
0.5005005005005005;0.8045865847057343;0.8656385039480201;0.87;0.6078782511355331
0.5015015015015015;0.8048248549901412;0.8655624834990819;0.87;0.6074749124517327
0.5025025025025025;0.805063125274548;0.8654864630501438;0.87;0.6070715737679324
0.5035035035035035;0.8053013955589549;0.8654104426012056;0.87;0.6066682350841321
0.5045045045045045;0.8055396658433617;0.8653344221522674;0.87;0.6062648964003318
0.5055055055055055;0.8078352342940194;0.8652584017033292;0.87;0.6058615577165315
0.5065065065065065;0.8102778024372911;0.8651823812543911;0.87;0.6054582190327311
0.5075075075075075;0.8127203705805629;0.8651063608054529;0.87;0.6050548803489308
0.5085085085085085;0.8133660478236049;0.8650303403565147;0.87;0.6046515416651306
0.5095095095095095;0.8136973150415889;0.8649543199075765;0.87;0.6042482029813302
0.5105105105105106;0.8140285822595732;0.8648782994586384;0.87;0.6038448642975299
0.5115115115115115;0.8143598494775572;0.864024163929996;0.87;0.5995478730368099
0.5125125125125125;0.8146911166955414;0.8630029992862721;0.87;0.5944150756577902
0.5135135135135135;0.8150223839135255;0.8619818346425482;0.87;0.5892822782787703
0.5145145145145145;0.8153536511315097;0.8610966975586486;0.87;0.5848371280147063
0.5155155155155156;0.8156849183494939;0.8609988612030044;0.87;0.5843719438331526
0.5165165165165165;0.816016185567478;0.8609010248473601;0.87;0.5839067596515989
0.5175175175175175;0.8163474527854622;0.8608031884917159;0.87;0.5834415754700452
0.5185185185185185;0.8166787200034463;0.8607053521360717;0.87;0.5829763912884914
0.5195195195195195;0.8170099872214304;0.8606075157804274;0.87;0.5825112071069377
0.5205205205205206;0.8173412544394146;0.8605096794247832;0.87;0.5820460229253839
0.5215215215215215;0.8176725216573987;0.8604118430691389;0.87;0.5815808387438302
0.5225225225225225;0.8180037888753828;0.8603140067134947;0.87;0.5811156545622764
0.5235235235235235;0.818335056093367;0.8602161703578505;0.87;0.5806504703807227
0.5245245245245245;0.8186663233113511;0.8601183340022062;0.87;0.580185286199169
0.5255255255255256;0.8189975905293353;0.860020497646562;0.87;0.5797201020176153
0.5265265265265265;0.8193288577473195;0.8599226612909178;0.87;0.5792549178360614
0.5275275275275275;0.8196601249653036;0.8598248249352735;0.87;0.5787897336545077
0.5285285285285285;0.8199913921832878;0.8597269885796293;0.87;0.578324549472954
0.5295295295295295;0.8203226594012718;0.859629152223985;0.87;0.5778593652914003
0.5305305305305306;0.8206539266192561;0.8595313158683408;0.87;0.5773941811098465
0.5315315315315315;0.8205263969008985;0.8594334795126966;0.8686625250036841;0.5769289969282928
0.5325325325325325;0.8201982296433867;0.8593356431570522;0.866740155753102;0.5764638127467391
0.5335335335335335;0.8198700623858749;0.859237806801408;0.8648177865025201;0.5759986285651854
0.5345345345345345;0.8195418951283632;0.8591399704457638;0.862895417251938;0.5755334443836316
0.5355355355355356;0.8192137278708513;0.8590421340901195;0.8609730480013558;0.5750682602020778
0.5365365365365365;0.8189958063073562;0.8589442977344753;0.8597022130928056;0.5746030760205241
0.5375375375375375;0.8188908858510294;0.858846461378831;0.8590991965753905;0.5741378918389703
0.5385385385385385;0.8187859653947026;0.8587486250231868;0.8584961800579753;0.5736727076574166
0.5395395395395395;0.8186810449383759;0.8586507886675426;0.8578931635405603;0.5732075234758629
0.5405405405405406;0.8185761244820491;0.8585529523118983;0.8572901470231452;0.5727423392943092
0.5415415415415415;0.8184712040257223;0.8584551159562541;0.8566871305057301;0.5722771551127555
0.5425425425425425;0.8183662835693954;0.8583572796006098;0.8560841139883151;0.5718119709312017
0.5435435435435435;0.8182613631130686;0.8582594432449656;0.8554810974709;0.571346786749648
0.5445445445445445;0.8181564426567418;0.8581616068893214;0.8548780809534849;0.5708816025680942
0.5455455455455456;0.8180515222004151;0.8580637705336771;0.8542750644360698;0.5704164183865404
0.5465465465465466;0.8179466017440883;0.8579659341780329;0.8536720479186547;0.5699512342049867
0.5475475475475475;0.8178416812877615;0.8578680978223887;0.8530690314012397;0.569486050023433
0.5485485485485485;0.8177367608314347;0.8577702614667444;0.8524660148838246;0.5690208658418793
0.5495495495495496;0.8176318403751078;0.8576724251111002;0.8518629983664094;0.5685556816603254
0.5505505505505506;0.817526919918781;0.8575745887554559;0.8512599818489944;0.5680904974787717
0.5515515515515516;0.8174219994624543;0.8574767523998117;0.8506569653315793;0.567625313297218
0.5525525525525525;0.8173170790061275;0.8573789160441675;0.8500539488141643;0.5671601291156643
0.5535535535535535;0.8216891010669374;0.8572810796885232;0.85;0.5666949449341105
0.5545545545545546;0.8252344947514061;0.857183243332879;0.8499520010323737;0.5662297607525568
0.5555555555555556;0.8252030459555311;0.8574615372589636;0.849768444893783;0.5660377358490566
0.5565565565565566;0.825171597159656;0.8580042424163532;0.8495848887551923;0.5660377358490566
0.5575575575575575;0.8251401483637809;0.8585469475737427;0.8494013326166016;0.5660377358490566
0.5585585585585585;0.8251086995679059;0.8590896527311322;0.8492177764780109;0.5660377358490566
0.5595595595595596;0.8250772507720309;0.8596323578885219;0.8490342203394202;0.5660377358490566
0.5605605605605606;0.8250458019761558;0.8601750630459115;0.8488506642008294;0.5660377358490566
0.5615615615615616;0.8250143531802807;0.860717768203301;0.8486671080622388;0.5660377358490566
0.5625625625625625;0.8249829043844057;0.8612604733606906;0.8484835519236481;0.5660377358490566
0.5635635635635635;0.8249514555885307;0.8618031785180802;0.8482999957850574;0.5660377358490566
0.5645645645645646;0.8249200067926556;0.8623458836754698;0.8481164396464667;0.5660377358490566
0.5655655655655656;0.8248885579967805;0.8628885888328593;0.847932883507876;0.5660377358490566
0.5665665665665666;0.8248571092009055;0.8634312939902489;0.8477493273692852;0.5660377358490566
0.5675675675675675;0.8248256604050305;0.8639739991476385;0.8475657712306945;0.5660377358490566
0.5685685685685685;0.8247942116091554;0.864516704305028;0.8473822150921039;0.5660377358490566
0.5695695695695696;0.8247627628132803;0.8650594094624177;0.8471986589535131;0.5660377358490566
0.5705705705705706;0.8247313140174053;0.8656021146198072;0.8470151028149224;0.5660377358490566
0.5715715715715716;0.8246998652215303;0.8661448197771968;0.8468315466763318;0.5660377358490566
0.5725725725725725;0.8246684164256552;0.8666875249345863;0.8466479905377411;0.5660377358490566
0.5735735735735735;0.8246369676297801;0.8672302300919759;0.8464644343991503;0.5660377358490566
0.5745745745745746;0.8246055188339051;0.8677729352493655;0.8462808782605596;0.5660377358490566
0.5755755755755756;0.8245740700380301;0.868315640406755;0.846097322121969;0.5660377358490566
0.5765765765765766;0.824542621242155;0.8688583455641447;0.8459137659833782;0.5660377358490566
0.5775775775775776;0.8245111724462799;0.8694010507215342;0.8457302098447875;0.5660377358490566
0.5785785785785785;0.8244797236504049;0.8699437558789238;0.8455466537061969;0.5660377358490566
0.5795795795795796;0.8244482748545299;0.8704864610363133;0.8453630975676061;0.5660377358490566
0.5805805805805806;0.8244168260586549;0.871029166193703;0.8451795414290154;0.5660377358490566
0.5815815815815816;0.8243853772627797;0.8715718713510925;0.8449959852904247;0.5660377358490566
0.5825825825825826;0.8243539284669047;0.872114576508482;0.844812429151834;0.5660377358490566
0.5835835835835835;0.8243224796710297;0.8726572816658716;0.8446288730132433;0.5660377358490566
0.5845845845845846;0.8242910308751547;0.8731999868232613;0.8444453168746526;0.5660377358490566
0.5855855855855856;0.8242595820792795;0.8737426919806508;0.8442617607360619;0.5660377358490566
0.5865865865865866;0.8242281332834045;0.8742853971380403;0.8440782045974712;0.5660377358490566
0.5875875875875876;0.8241966844875295;0.87482810229543;0.8438946484588805;0.5660377358490566
0.5885885885885885;0.8241652356916545;0.8753708074528195;0.8437110923202897;0.5660377358490566
0.5895895895895896;0.8241337868957793;0.8759135126102091;0.8435275361816991;0.5660377358490566
0.5905905905905906;0.8241023380999043;0.8764562177675986;0.8433439800431084;0.5660377358490566
0.5915915915915916;0.8240708893040293;0.8769989229249883;0.8431604239045176;0.5660377358490566
0.5925925925925926;0.8240394405081543;0.8775416280823778;0.842976867765927;0.5660377358490566
0.5935935935935935;0.8240079917122791;0.8780843332397673;0.8427933116273363;0.5660377358490566
0.5945945945945946;0.8239765429164041;0.878627038397157;0.8426097554887455;0.5660377358490566
0.5955955955955956;0.8239450941205291;0.8791697435545466;0.8424261993501548;0.5660377358490566
0.5965965965965966;0.823913645324654;0.8797124487119361;0.8422426432115642;0.5660377358490566
0.5975975975975976;0.8238821965287789;0.8802551538693256;0.8420590870729734;0.5660377358490566
0.5985985985985985;0.8238507477329039;0.8807978590267153;0.8418755309343827;0.5660377358490566
0.5995995995995996;0.8238192989370289;0.8813405641841048;0.841691974795792;0.5660377358490566
0.6006006006006006;0.8237878501411539;0.8818832693414944;0.8415084186572013;0.5660377358490566
0.6016016016016016;0.8237564013452787;0.8823345815209718;0.8413248625186106;0.5659405682383509
0.6026026026026026;0.8237249525494037;0.8821981522939039;0.8411413063800199;0.5652185229894346
0.6036036036036035;0.8236935037535287;0.882061723066836;0.8409577502414292;0.5644964777405185
0.6046046046046046;0.8236620549576537;0.8819252938397679;0.8407741941028385;0.5637744324916021
0.6056056056056056;0.8236306061617785;0.8817888646127;0.8405906379642478;0.5630523872426858
0.6066066066066066;0.8235991573659035;0.881652435385632;0.840407081825657;0.5623303419937695
0.6076076076076076;0.8235677085700285;0.8815160061585641;0.8402235256870664;0.5616082967448532
0.6086086086086087;0.8235362597741535;0.881379576931496;0.8400399695484757;0.560886251495937
0.6096096096096096;0.8256544476400695;0.8812431477044281;0.84;0.5601642062470207
0.6106106106106106;0.8283710201231687;0.8811067184773602;0.84;0.5594421609981044
0.6116116116116116;0.8310875926062679;0.8809702892502922;0.84;0.5587201157491881
0.6126126126126126;0.8316432349837484;0.8808338600232243;0.8397627490210935;0.5579980705002718
0.6136136136136137;0.8315920883741839;0.8806974307961563;0.8394588779877985;0.5572760252513554
0.6146146146146146;0.8315409417646193;0.8805610015690883;0.8391550069545035;0.5565539800024392
0.6156156156156156;0.8314897951550548;0.8804245723420203;0.8388511359212085;0.5558319347535229
0.6166166166166166;0.8314386485454903;0.8802881431149524;0.8385472648879136;0.5551098895046066
0.6176176176176176;0.8313875019359259;0.8801517138878845;0.8382433938546187;0.5543878442556904
0.6186186186186187;0.8313363553263614;0.8800152846608165;0.8379395228213237;0.553665799006774
0.6196196196196196;0.8312852087167969;0.8798788554337486;0.8376356517880287;0.5529437537578578
0.6206206206206206;0.8312340621072324;0.8797424262066805;0.8373317807547337;0.5522217085089415
0.6216216216216216;0.8311829154976679;0.8796059969796126;0.8370279097214387;0.5514996632600252
0.6226226226226226;0.8311317688881034;0.8794695677525446;0.8367240386881437;0.5507776180111089
0.6236236236236237;0.8310806222785388;0.8793331385254767;0.8364201676548487;0.5500555727621926
0.6246246246246246;0.8310294756689743;0.8791967092984088;0.8361162966215538;0.5493335275132764
0.6256256256256256;0.8309783290594098;0.8790602800713407;0.8358124255882589;0.5486114822643601
0.6266266266266266;0.8309271824498453;0.8789238508442728;0.8355085545549639;0.5478894370154438
0.6276276276276276;0.8308760358402809;0.8787868125601398;0.8352046835216689;0.5471645002995644
0.6286286286286287;0.8308248892307164;0.8784686280513924;0.8349008124883739;0.5455795812371245
0.6296296296296297;0.8307737426211519;0.878150443542645;0.8345969414550789;0.5439946621746846
0.6306306306306306;0.8307225960115874;0.8778322590338976;0.8342930704217839;0.5424097431122448
0.6316316316316316;0.8306714494020229;0.8775140745251503;0.833989199388489;0.5408248240498049
0.6326326326326326;0.8306203027924584;0.8771958900164029;0.833685328355194;0.5392399049873652
0.6336336336336337;0.8305691561828938;0.8768777055076554;0.833381457321899;0.5376549859249251
0.6346346346346347;0.8305180095733293;0.876559520998908;0.8330775862886041;0.5360700668624853
0.6356356356356356;0.8304668629637648;0.8762413364901607;0.8327737152553091;0.5344851478000455
0.6366366366366366;0.8304157163542004;0.8759231519814132;0.8324698442220141;0.5329002287376057
0.6376376376376376;0.8303645697446359;0.8756049674726659;0.8321659731887191;0.5313153096751658
0.6386386386386387;0.8303134231350714;0.8752867829639185;0.8318621021554241;0.5297303906127258
0.6396396396396397;0.8302622765255069;0.874989019050178;0.8315582311221292;0.5282505042347951
0.6406406406406406;0.8302111299159424;0.8748777516541398;0.8312543600888342;0.5277298567967297
0.6416416416416416;0.8301599833063779;0.8747664842581017;0.8309504890555393;0.5272092093586642
0.6426426426426426;0.8301088366968133;0.8746552168620634;0.8306466180222443;0.5266885619205987
0.6436436436436437;0.8300576900872488;0.8745439494660252;0.8303427469889493;0.5261679144825331
0.6446446446446447;0.8300065434776843;0.874432682069987;0.8300388759556543;0.5256472670444676
0.6456456456456456;0.8344402104649937;0.8743214146739489;0.83;0.5251266196064022
0.6466466466466466;0.8384299162018821;0.8742101472779107;0.83;0.5246059721683367
0.6476476476476476;0.8386342838740432;0.8740988798818725;0.83;0.5240853247302711
0.6486486486486487;0.8388386515462041;0.8739876124858342;0.83;0.5235646772922057
0.6496496496496497;0.8390430192183651;0.8738763450897961;0.83;0.5230440298541401
0.6506506506506506;0.839247386890526;0.8737650776937579;0.83;0.5225233824160747
0.6516516516516516;0.839451754562687;0.8736538102977197;0.83;0.5220027349780092
0.6526526526526526;0.839656122234848;0.8735425429016815;0.83;0.5214820875399437
0.6536536536536537;0.8398604899070089;0.8734312755056434;0.83;0.5209614401018782
0.6546546546546547;0.8400648575791699;0.8733200081096051;0.83;0.5204407926638127
0.6556556556556556;0.8402692252513309;0.8732087407135669;0.83;0.5199201452257471
0.6566566566566566;0.8404735929234919;0.8730974733175287;0.83;0.5193994977876817
0.6576576576576576;0.8406779605956528;0.8729862059214906;0.83;0.5188788503496162
0.6586586586586587;0.8408823282678137;0.8728749385254524;0.83;0.5183582029115507
0.6596596596596597;0.8410866959399748;0.8727636711294142;0.83;0.5178375554734852
0.6606606606606606;0.8412910636121357;0.8726524037333759;0.83;0.5173169080354196
0.6616616616616616;0.8414954312842967;0.8725411363373378;0.83;0.5167962605973542
0.6626626626626626;0.8416997989564576;0.8724298689412996;0.83;0.5162756131592887
0.6636636636636637;0.8419041666286187;0.8723186015452614;0.83;0.5157549657212231
0.6646646646646647;0.8421085343007796;0.8722073341492232;0.83;0.5152343182831577
0.6656656656656657;0.8423129019729405;0.8720960667531851;0.83;0.5147136708450922
0.6666666666666666;0.8425172696451015;0.8719847993571468;0.83;0.5141930234070267
0.6676676676676676;0.8427216373172625;0.8718735319611086;0.83;0.5136723759689612
0.6686686686686687;0.8429260049894235;0.8717622645650704;0.83;0.5131517285308956
0.6696696696696697;0.8431303726615844;0.8716509971690323;0.83;0.5126310810928302
0.6706706706706707;0.8433347403337453;0.8715397297729941;0.83;0.5121104336547647
0.6716716716716716;0.8435391080059064;0.8714284623769559;0.83;0.5115897862166991
0.6726726726726726;0.8437434756780673;0.8713171949809176;0.83;0.5110691387786337
0.6736736736736737;0.8439478433502283;0.8712059275848795;0.83;0.5105484913405681
0.6746746746746747;0.8441522110223892;0.8710946601888413;0.83;0.5100278439025027
0.6756756756756757;0.8443565786945503;0.8709833927928031;0.83;0.5095071964644372
0.6766766766766766;0.8445609463667112;0.8703542719988758;0.83;0.5067427969762005
0.6776776776776777;0.8447653140388722;0.8696403871071132;0.83;0.5036111321208266
0.6786786786786787;0.8449696817110331;0.8689265022153506;0.83;0.5004794672654531
0.6796796796796797;0.8451740493831941;0.868212617323588;0.83;0.4973478024100795
0.6806806806806807;0.8453784170553551;0.8674987324318255;0.83;0.49421613755470595
0.6816816816816816;0.845582784727516;0.8667848475400629;0.83;0.49108447269933236
0.6826826826826827;0.8457871523996771;0.8706159341554177;0.83;0.49056603773584906
0.6836836836836837;0.845991520071838;0.8753486912072832;0.83;0.49056603773584906
0.6846846846846847;0.8461958877439989;0.8800814482591487;0.83;0.49056603773584906
0.6856856856856857;0.8464002554161599;0.8848142053110142;0.83;0.49056603773584906
0.6866866866866866;0.8466046230883209;0.8895469623628797;0.83;0.49056603773584906
0.6876876876876877;0.8468089907604819;0.8942797194147456;0.83;0.49056603773584906
0.6886886886886887;0.8470687568537212;0.8928504073277318;0.83;0.4716660876714794
0.6896896896896897;0.8474249239725518;0.892807880501155;0.83;0.47146388464700106
0.6906906906906907;0.8477810910913822;0.8927653536745782;0.83;0.4712616816225228
0.6916916916916916;0.8481372582102127;0.8927228268480014;0.83;0.47105947859804453
0.6926926926926927;0.8484934253290433;0.8926803000214247;0.83;0.4708572755735662
0.6936936936936937;0.8488495924478737;0.8926377731948479;0.83;0.4706550725490879
0.6946946946946947;0.8492057595667042;0.8925952463682711;0.83;0.47045286952460963
0.6956956956956957;0.8495619266855347;0.8925527195416944;0.83;0.47025066650013136
0.6966966966966966;0.8499180938043651;0.8925101927151176;0.83;0.47004846347565304
0.6976976976976977;0.8502742609231957;0.8924676658885408;0.83;0.4698462604511747
0.6986986986986987;0.8506304280420262;0.892425139061964;0.83;0.46964405742669646
0.6996996996996997;0.8509865951608566;0.8923826122353872;0.83;0.4694418544022182
0.7007007007007007;0.8513427622796871;0.8923400854088104;0.83;0.4692396513777399
0.7017017017017017;0.8516989293985177;0.8922975585822336;0.83;0.4690374483532616
0.7027027027027027;0.8520550965173481;0.8922550317556568;0.83;0.4688352453287833
0.7037037037037037;0.8524112636361786;0.89221250492908;0.83;0.468633042304305
0.7047047047047047;0.852767430755009;0.8921699781025033;0.83;0.4684308392798267
0.7057057057057057;0.8531235978738396;0.8921274512759265;0.83;0.46822863625534844
0.7067067067067067;0.8534797649926701;0.8920849244493497;0.83;0.4680264332308701
0.7077077077077077;0.8538359321115006;0.8920423976227729;0.83;0.46782423020639186
0.7087087087087087;0.8541920992303311;0.8919998707961961;0.83;0.46762202718191354
0.7097097097097097;0.8545482663491616;0.8919573439696193;0.83;0.46741982415743527
0.7107107107107107;0.854904433467992;0.8919148171430425;0.83;0.467217621132957
0.7117117117117117;0.8552606005868225;0.8918722903164658;0.83;0.4670154181084787
0.7127127127127127;0.8556167677056531;0.891829763489889;0.83;0.46681321508400037
0.7137137137137137;0.8556222324641226;0.8917872366633122;0.8296815919327927;0.4666110120595221
0.7147147147147147;0.8555659307556093;0.8917447098367354;0.8293071051401671;0.46640880903504384
0.7157157157157157;0.855509629047096;0.8917021830101587;0.8289326183475416;0.4662066060105655
0.7167167167167167;0.8554533273385827;0.8916596561835819;0.8285581315549161;0.46600440298608725
0.7177177177177178;0.8553970256300694;0.8916171293570051;0.8281836447622904;0.46580219996160893
0.7187187187187187;0.8553407239215561;0.8915746025304283;0.8278091579696649;0.46559999693713067
0.7197197197197197;0.8552844222130428;0.8915320757038515;0.8274346711770394;0.46539779391265235
0.7207207207207207;0.8552281205045296;0.8914895488772747;0.8270601843844139;0.4651955908881741
0.7217217217217217;0.8551718187960162;0.8914470220506979;0.8266856975917882;0.4649933878636958
0.7227227227227228;0.855115517087503;0.8914044952241211;0.8263112107991627;0.4647911848392175
0.7237237237237237;0.8550592153789897;0.8913619683975443;0.8259367240065372;0.4645889818147392
0.7247247247247247;0.8550029136704763;0.8913194415709675;0.8255622372139116;0.4643867787902609
0.7257257257257257;0.8549466119619631;0.8912769147443907;0.825187750421286;0.46418457576578265
0.7267267267267267;0.8548903102534497;0.8912343879178141;0.8248132636286605;0.4639823727413043
0.7277277277277278;0.8548340085449365;0.8911918610912373;0.824438776836035;0.463780169716826
0.7287287287287287;0.8547777068364232;0.8911493342646605;0.8240642900434094;0.46357796669234774
0.7297297297297297;0.85472140512791;0.8911068074380837;0.8236898032507838;0.4633757636678695
0.7307307307307307;0.8546651034193966;0.8910642806115069;0.8233153164581583;0.46317356064339116
0.7317317317317317;0.8546088017108834;0.8910217537849301;0.8229408296655327;0.4629713576189129
0.7327327327327328;0.85455250000237;0.8909792269583533;0.8225663428729072;0.4627691545944346
0.7337337337337337;0.8544961982938567;0.8909367001317765;0.8221918560802816;0.4625669515699563
0.7347347347347347;0.8544398965853435;0.8908941733051997;0.821817369287656;0.462364748545478
0.7357357357357357;0.8543835948768301;0.8908516464786229;0.8214428824950305;0.4621625455209997
0.7367367367367368;0.8543272931683169;0.8908091196520461;0.821068395702405;0.4619603424965214
0.7377377377377378;0.8542709914598036;0.8907665928254693;0.8206939089097793;0.46175813947204314
0.7387387387387387;0.8542146897512903;0.8907240659988926;0.8203194221171538;0.4615559364475648
0.7397397397397397;0.854143011787983;0.8906815391723159;0.819845905361718;0.46135373342308655
0.7407407407407407;0.8539821384227574;0.8906390123457391;0.8187979302968196;0.4611515303986083
0.7417417417417418;0.8538212650575318;0.8905964855191623;0.8177499552319211;0.46094932737412997
0.7427427427427428;0.8536603916923061;0.8905539586925855;0.8167019801670227;0.46074712434965165
0.7437437437437437;0.8534995183270805;0.8905114318660087;0.8156540051021243;0.4605449213251734
0.7447447447447447;0.8533386449618549;0.8904689050394319;0.814606030037226;0.4603427183006951
0.7457457457457457;0.8531777715966292;0.8904263782128551;0.8135580549723276;0.4601405152762168
0.7467467467467468;0.8530168982314036;0.8903838513862783;0.8125100799074291;0.4599383122517385
0.7477477477477478;0.852856024866178;0.8903413245597015;0.8114621048425307;0.4597361092272602
0.7487487487487487;0.8526951515009523;0.8902987977331247;0.8104141297776323;0.45953390620278195
0.7497497497497497;0.8528454205353039;0.890256270906548;0.81;0.45933170317830363
0.7507507507507507;0.8531989778725544;0.8902137440799712;0.81;0.45912950015382537
0.7517517517517518;0.853552535209805;0.8901712172533944;0.81;0.45892729712934704
0.7527527527527528;0.8539060925470555;0.8901286904268176;0.81;0.4587250941048688
0.7537537537537538;0.854259649884306;0.8900861636002408;0.81;0.45852289108039046
0.7547547547547547;0.8546132072215565;0.890043636773664;0.81;0.4583206880559122
0.7557557557557557;0.854966764558807;0.8900011099470873;0.81;0.45811848503143393
0.7567567567567568;0.8553203218960577;0.8899585831205105;0.81;0.4579162820069556
0.7577577577577578;0.8556738792333082;0.8899160562939337;0.81;0.4577140789824773
0.7587587587587588;0.8560274365705588;0.8898735294673569;0.81;0.457511875957999
0.7597597597597597;0.8563809939078093;0.8898310026407801;0.81;0.45730967293352076
0.7607607607607607;0.8567345512450598;0.8897884758142034;0.81;0.45710746990904244
0.7617617617617618;0.8570881085823104;0.8897459489876266;0.81;0.4569052668845641
0.7627627627627628;0.857441665919561;0.8897034221610498;0.81;0.45670306386008586
0.7637637637637638;0.8577952232568115;0.889660895334473;0.81;0.4565008608356076
0.7647647647647647;0.858148780594062;0.8896183685078962;0.81;0.45629865781112927
0.7657657657657657;0.8585023379313126;0.8895758416813194;0.81;0.456096454786651
0.7667667667667668;0.8588558952685631;0.8895333148547426;0.81;0.4558942517621727
0.7677677677677678;0.8592094526058136;0.8894907880281658;0.81;0.4556920487376944
0.7687687687687688;0.8595630099430642;0.889448261201589;0.81;0.4554898457132161
0.7697697697697697;0.8599165672803147;0.8894057343750122;0.81;0.45528764268873784
0.7707707707707707;0.8602701246175652;0.8893632075484355;0.81;0.4550854396642596
0.7717717717717718;0.8606236819548159;0.8893206807218587;0.81;0.45488323663978125
0.7727727727727728;0.8609772392920664;0.889278153895282;0.81;0.45468103361530293
0.7737737737737738;0.8613307966293169;0.8892356270687052;0.81;0.45447883059082467
0.7747747747747747;0.8616843539665674;0.8891931002421284;0.81;0.4542766275663464
0.7757757757757757;0.8667808005753986;0.8891505734155516;0.81;0.4540744245418681
0.7767767767767768;0.8711049301362889;0.8891080465889748;0.81;0.45387222151738976
0.7777777777777778;0.8717370527197766;0.889065519762398;0.81;0.4536700184929115
0.7787787787787788;0.8723691753032644;0.8890229929358212;0.81;0.45346781546843323
0.7797797797797797;0.8730012978867521;0.8889804661092444;0.81;0.4532656124439549
0.7807807807807807;0.8736334204702398;0.8889379392826676;0.81;0.45306340941947665
0.7817817817817818;0.8742655430537277;0.8888954124560908;0.81;0.45286120639499833
0.7827827827827828;0.8748976656372154;0.8949349556566057;0.81;0.4528301886792453
0.7837837837837838;0.8755297882207032;0.9020765322073844;0.81;0.4528301886792453
0.7847847847847848;0.8761619108041909;0.909218108758163;0.81;0.4528301886792453
0.7857857857857857;0.8767940333876787;0.9163596853089416;0.81;0.4528301886792453
0.7867867867867868;0.8774261559711665;0.9216203942959154;0.81;0.44389864426740544
0.7877877877877878;0.8780582785546542;0.9198889622028341;0.81;0.43333374831792854
0.7887887887887888;0.878690401138142;0.9197700649574198;0.81;0.43266074504199825
0.7897897897897898;0.8793225237216297;0.9196511677120054;0.81;0.431987741766068
0.7907907907907907;0.8799546463051174;0.919532270466591;0.81;0.4313147384901378
0.7917917917917918;0.8813830178013379;0.9194133732211767;0.81;0.43064173521420746
0.7927927927927928;0.885326800622284;0.9192944759757623;0.81;0.4299687319382772
0.7937937937937938;0.8892705834432301;0.9191755787303479;0.81;0.429295728662347
0.7947947947947948;0.8900309110975403;0.9190566814849337;0.8093531618888556;0.42862272538641677
0.7957957957957957;0.889930579815662;0.9189377842395193;0.8085314486902722;0.4279497221104865
0.7967967967967968;0.8898302485337837;0.918818886994105;0.8077097354916886;0.4272767188345562
0.7977977977977978;0.8897299172519053;0.9186999897486906;0.8068880222931051;0.4266037155586259
0.7987987987987988;0.889629585970027;0.9185810925032762;0.8060663090945216;0.4259307122826957
0.7997997997997998;0.8895292546881487;0.9184621952578619;0.8052445958959381;0.42525770900676546
0.8008008008008007;0.8894289234062703;0.9183432980124475;0.8044228826973546;0.42458470573083523
0.8018018018018018;0.889328592124392;0.9182244007670332;0.803601169498771;0.4239117024549049
0.8028028028028028;0.8892282608425137;0.9181055035216189;0.8027794563001875;0.42323869917897466
0.8038038038038038;0.8891279295606354;0.9179866062762045;0.8019577431016041;0.42256569590304444
0.8048048048048048;0.889027598278757;0.9178677090307902;0.8011360299030206;0.42189269262711415
0.8058058058058059;0.8889272669968787;0.9177488117853758;0.800314316704437;0.42121968935118387
0.8068068068068068;0.8915240876436877;0.9176299145399615;0.8;0.42054668607525364
0.8078078078078078;0.895791711923101;0.9175110172945471;0.8;0.41987368279932336
0.8088088088088088;0.8998131358171103;0.9173921200491327;0.8;0.4192006795233931
0.8098098098098098;0.903192550967351;0.9172732228037184;0.8;0.4185276762474629
0.8108108108108109;0.9065719661175919;0.917154325558304;0.8;0.41785467297153256
0.8118118118118118;0.9090454889376502;0.9170354283128898;0.7995653291333132;0.41718166969560233
0.8128128128128128;0.90886710600074;0.9169165310674754;0.7978582044270831;0.4165086664196721
0.8138138138138138;0.90868872306383;0.916797633822061;0.7961510797208529;0.4158356631437418
0.8148148148148148;0.9085103401269198;0.9166787365766467;0.7944439550146227;0.4151626598678116
0.8158158158158159;0.9083319571900097;0.9161222120797378;0.7927368303083925;0.41225906667938905
0.8168168168168168;0.9081535742530995;0.9155162421716063;0.7910297056021623;0.4091034497993085
0.8178178178178178;0.9124295358122395;0.9149102722634749;0.79;0.405947832919228
0.8188188188188188;0.9185844645876469;0.9143043023553434;0.7897891944795693;0.40279221603914744
0.8198198198198198;0.9185386902248546;0.9136983324472121;0.7893111793481249;0.3996365991590669
0.8208208208208209;0.9184929158620624;0.9130923625390805;0.7888331642166805;0.396480982278986
0.8218218218218218;0.9184471414992702;0.9128039886864884;0.7883551490852361;0.39508319127701097
0.8228228228228228;0.9184013671364779;0.912543483895857;0.7878771339537917;0.39383964954060086
0.8238238238238238;0.9183555927736857;0.9122829791052257;0.7873991188223473;0.3925961078041907
0.8248248248248248;0.9183098184108935;0.9120224743145943;0.786921103690903;0.3913525660677805
0.8258258258258259;0.9182640440481014;0.9117619695239629;0.7864430885594584;0.39010902433137024
0.8268268268268268;0.9182182696853091;0.9115014647333315;0.785965073428014;0.38886548259496007
0.8278278278278278;0.9181724953225169;0.9112409599427002;0.7854870582965696;0.38762194085854995
0.8288288288288288;0.9181267209597247;0.9109804551520687;0.7850090431651253;0.3863783991221398
0.8298298298298298;0.9180809465969325;0.9107199503614374;0.7845310280336809;0.3851348573857296
0.8308308308308309;0.9180351722341402;0.9104594455708059;0.7840530129022364;0.38389131564931933
0.8318318318318318;0.917989397871348;0.9101989407801746;0.783574997770792;0.38264777391290916
0.8328328328328328;0.9179436235085559;0.9099384359895433;0.7830969826393477;0.381404232176499
0.8338338338338338;0.9178978491457636;0.9096779311989118;0.7826189675079033;0.3801606904400889
0.8348348348348348;0.9178520747829714;0.9094174264082805;0.7821409523764589;0.3789171487036787
0.8358358358358359;0.9178063004201792;0.909156921617649;0.7816629372450145;0.3776736069672684
0.8368368368368369;0.917760526057387;0.9329559508361247;0.78118492211357;0.37735849056603776
0.8378378378378378;0.9177147516945947;0.9522656418413485;0.7807069069821256;0.376444708931442
0.8388388388388388;0.9176689773318025;0.9519717111887437;0.7802288918506812;0.37411544715608214
0.8398398398398398;0.9175602000043824;0.9516777805361387;0.7791140400447012;0.3717861853807222
0.8408408408408409;0.917393536215577;0.9513838498835337;0.7774140693988857;0.3694569236053621
0.8418418418418419;0.9172268724267716;0.9510899192309288;0.7757140987530703;0.36712766183000217
0.8428428428428428;0.9170602086379661;0.9507959885783238;0.774014128107255;0.3647984000546423
0.8438438438438438;0.9168935448491607;0.950502057925719;0.7723141574614396;0.3624691382792824
0.8448448448448448;0.9167268810603553;0.950208127273114;0.7706141868156243;0.3601398765039225
0.8458458458458459;0.9164858392810549;0.9499751742327446;0.768198959239307;0.35831256997062144
0.8468468468468469;0.916202724687752;0.9498901303333772;0.7653791378900098;0.3577028212581762
0.8478478478478478;0.915919610094449;0.9498050864340098;0.7625593165407125;0.35709307254573097
0.8488488488488488;0.9157794352035987;0.9497200425346425;0.76;0.35648332383328574
0.8498498498498498;0.9170435643131202;0.9496349986352751;0.76;0.35587357512084056
0.8508508508508509;0.9183076934226418;0.9495499547359078;0.76;0.35526382640839527
0.8518518518518519;0.9195718225321633;0.9494649108365404;0.76;0.35465407769595003
0.8528528528528528;0.9208359516416847;0.949379866937173;0.76;0.3540443289835048
0.8538538538538538;0.9221000807512062;0.9492948230378057;0.76;0.35343458027105956
0.8548548548548548;0.9233642098607278;0.9492097791384383;0.76;0.3528248315586144
0.8558558558558559;0.9246283389702493;0.9491247352390709;0.76;0.3522150828461691
0.8568568568568569;0.9258924680797708;0.9490396913397036;0.76;0.35160533413372386
0.8578578578578578;0.9267751995650984;0.9489546474403362;0.7594014591856388;0.3509955854212786
0.8588588588588588;0.9265663886316231;0.9488696035409688;0.7570899221520669;0.35038583670883344
0.8598598598598598;0.9263575776981477;0.9487845596416015;0.7547783851184952;0.3497760879963882
0.8608608608608609;0.9261487667646724;0.9486995157422341;0.752466848084923;0.3491663392839429
0.8618618618618619;0.925939955831197;0.9486144718428667;0.7501553110513511;0.3485565905714977
0.8628628628628628;0.9268214951114592;0.9485294279434994;0.75;0.34794684185905245
0.8638638638638638;0.9277815713537246;0.948444384044132;0.75;0.34733709314660727
0.8648648648648649;0.9287416475959903;0.9483593401447646;0.75;0.346727344434162
0.8658658658658659;0.9297017238382558;0.9482742962453973;0.75;0.34611759572171674
0.8668668668668669;0.9306618000805214;0.9481892523460299;0.75;0.3455078470092715
0.8678678678678678;0.9316218763227868;0.9481042084466625;0.75;0.34489809829682627
0.8688688688688688;0.9325819525650524;0.9480191645472952;0.75;0.3442883495843811
0.8698698698698699;0.933542028807318;0.9479341206479278;0.75;0.3436786008719358
0.8708708708708709;0.9345021050495835;0.9478490767485604;0.75;0.34306885215949057
0.8718718718718719;0.935462181291849;0.9477640328491931;0.75;0.34245910344704533
0.8728728728728729;0.9364222575341146;0.9476789889498257;0.75;0.3418493547346001
0.8738738738738738;0.93738233377638;0.9475939450504584;0.75;0.3412396060221549
0.8748748748748749;0.9374437380962628;0.947508901151091;0.7492888495367622;0.3406298573097096
0.8758758758758759;0.9373796176371905;0.9474238572517236;0.7484783669340882;0.3400201085972644
0.8768768768768769;0.9373154971781182;0.9466901502685269;0.7476678843314141;0.335245875317664
0.8778778778778779;0.9372513767190459;0.9447419141079663;0.74685740172874;0.32267423820612234
0.8788788788788788;0.9371872562599736;0.9700723441299677;0.7460469191260659;0.32075471698113206
0.8798798798798799;0.9371231358009012;1.0;0.7452364365233918;0.3206615296639702
0.8808808808808809;0.9370590153418289;1.0;0.7444259539207176;0.31180972327247347
0.8818818818818819;0.9369948948827566;1.0;0.7436154713180436;0.30295791688097673
0.8828828828828829;0.9369307744236843;1.0;0.7428049887153695;0.2990724413399021
0.8838838838838838;0.936866653964612;1.0;0.7419945061126955;0.2958706537219685
0.8848848848848849;0.9368025335055397;1.0;0.7411840235100212;0.29266886610403464
0.8858858858858859;0.9367384130464673;1.0;0.7403735409073472;0.28946707848610115
0.8868868868868869;0.9365444793422822;1.0;0.7379741634142869;0.28626529086816765
0.8878878878878879;0.9362395684576549;1.0;0.7342164416721385;0.2830635032502341
0.8888888888888888;0.9359346575730274;1.0;0.7304587199299901;0.2817857758532676
0.8898898898898899;0.939066623786439;1.0;0.73;0.2805352505190117
0.8908908908908909;0.9426764812262166;1.0;0.73;0.2792847251847559
0.8918918918918919;0.9462863386659941;1.0;0.73;0.27803419985050004
0.8928928928928929;0.9546873596217736;1.0;0.73;0.27678367451624425
0.8938938938938938;0.9604321506353038;1.0;0.7282108620707728;0.27553314918198846
0.8948948948948949;0.9602610752363674;1.0;0.7249604294909807;0.27428262384773255
0.8958958958958959;0.9600899998374309;1.0;0.7217099969111891;0.27303209851347676
0.8968968968968969;0.9597741418842591;1.0;0.7158216248587942;0.2717815731792209
0.8978978978978979;0.9593653620630616;1.0;0.708305619548863;0.2705310478449651
0.8988988988988988;0.9590883632129616;1.0;0.7033177935880641;0.26928052251070933
0.8998998998998999;0.9588696317367454;1.0;0.6993959480277802;0.2680299971764534
0.9009009009009009;0.958766657968356;1.0;0.697591847605598;0.26677947184219764
0.9019019019019019;0.9586636841999666;1.0;0.6957877471834157;0.2655289465079418
0.9029029029029029;0.9585607104315773;1.0;0.6939836467612336;0.264278421173686
0.9039039039039038;0.9584577366631879;1.0;0.6921795463390513;0.23580444868132164
0.9049049049049049;0.9583547628947985;1.0;0.690375445916869;0.22594630987584757
0.9059059059059059;0.9577084054824787;1.0;0.6793692508263973;0.22443494553601437
0.9069069069069069;0.9575783409535809;1.0;0.6772145151309894;0.2229235811961812
0.9079079079079079;0.957448276424683;1.0;0.6750597794355815;0.221412216856348
0.9089089089089089;0.9573182118957851;1.0;0.6729050437401735;0.21990085251651478
0.9099099099099099;0.9571881473668873;1.0;0.6707503080447653;0.21838948817668144
0.9109109109109109;0.9562624449350592;1.0;0.655944638784325;0.21687812383684824
0.9119119119119119;0.9544938562885844;1.0;0.6292621449267558;0.21536675949701503
0.9129129129129129;0.9682500680502739;1.0;0.6099238290218503;0.21385539515718185
0.9139139139139139;0.9678864396898855;1.0;0.6028221671434633;0.21234403081734865
0.914914914914915;0.9675257121127562;1.0;0.5959112160522202;0.21083266647751528
0.9159159159159159;0.9694102414926354;1.0;0.59;0.2093213021376821
0.9169169169169169;0.9833220626425816;1.0;0.5896010175473919;0.2078099377978489
0.9179179179179179;0.9832607309128781;1.0;0.5874298743158874;0.20560831096759202
0.9189189189189189;0.9831993991831747;1.0;0.5852587310843831;0.20326141790753688
0.91991991991992;0.9831380674534712;1.0;0.5830875878528784;0.20091452484748146
0.9209209209209209;0.9830767357237676;1.0;0.580916444621374;0.19856763178742629
0.9219219219219219;0.9829975478608353;1.0;0.5781760877977826;0.1962207387273711
0.9229229229229229;0.982905317696649;1.0;0.5750199715793297;0.19387384566731594
0.9239239239239239;0.9828130875324628;1.0;0.5718638553608768;0.1915269526072608
0.924924924924925;0.9826180373708018;1.0;0.5653523154787092;0.18918005954720538
0.9259259259259259;0.9820922746720148;1.0;0.5484420598980552;0.175513000779136
0.9269269269269269;0.9819772506096445;1.0;0.5448993187770507;0.1508564191735992
0.9279279279279279;0.9818622265472742;1.0;0.5413565776560463;0.14788311392736517
0.9289289289289289;0.9817533245134787;1.0;0.5380737380503182;0.14490980868113112
0.92992992992993;0.981648221375469;1.0;0.5349521748514313;0.14193650343489675
0.9309309309309309;0.9815431182374594;1.0;0.5318306116525447;0.1389631981886627
0.9319319319319319;0.9812281422696604;1.0;0.5227494317576793;0.13598989294242866
0.9329329329329329;0.9804195051580674;1.0;0.5007252767919478;0.13301658769619462
0.933933933933934;0.9799217150747794;1.0;0.4880820193320956;0.1109494015717908
0.934934934934935;0.979782019993093;1.0;0.48465948983077917;0.10540208773981292
0.9359359359359359;0.9796423249114066;1.0;0.4812369603294627;0.09985477390783505
0.9369369369369369;0.9795271044009821;1.0;0.4784774955110991;0.09433312090062022
0.9379379379379379;0.9794257356936125;1.0;0.4760933035137667;0.0932117179144068
0.938938938938939;0.9793243669862429;1.0;0.473709111516434;0.09209031492819325
0.93993993993994;0.9792229982788734;1.0;0.47132491951910166;0.09096891194197984
0.9409409409409409;0.9786561970199832;1.0;0.45854697957203755;0.08984750895576642
0.9419419419419419;0.9783229003489309;1.0;0.4513411055438861;0.088726105969553
0.9429429429429429;0.9771278651827945;1.0;0.42725920925847155;0.08760470298333958
0.943943943943944;0.9766326074898879;1.0;0.4179848912673768;0.08648329999712603
0.944944944944945;0.9762573448238306;1.0;0.41120764751838185;0.08536189701091262
0.9459459459459459;0.9740806858882681;1.0;0.3758757648641339;0.0842404940246992
0.9469469469469469;0.9730943410835151;1.0;0.3617064356342222;0.08311909103848579
0.9479479479479479;0.9723258259404333;1.0;0.35138000152657095;0.08199768805227237
0.948948948948949;0.9710841734800496;1.0;0.33590166441259095;0.08087628506605883
0.94994994994995;0.9700320175217574;1.0;0.32375923659411826;0.07975488207984541
0.950950950950951;0.9688930208071563;1.0;0.31151029972357097;0.07863347909363198
0.9519519519519519;0.9658293840067899;1.0;0.2827156408590713;0.07751207610741857
0.9529529529529529;0.9647340396079164;1.0;0.2736404016162804;0.07639067312120515
0.953953953953954;0.9628612097315729;1.0;0.2592856923156414;0.07503836029057195
0.954954954954955;0.9615262488923417;1.0;0.24992061780022135;0.0726377715348793
0.955955955955956;0.9579716436482537;1.0;0.22800347293836032;0.07023718277918664
0.9569569569569569;0.9559664127262987;1.0;0.21719004839507114;0.06783659402349398
0.9579579579579579;0.9542386376883573;1.0;0.20858250612021023;0.06543600526780133
0.958958958958959;0.9536149451705159;1.0;0.20570104668778372;0.0630354165121084
0.95995995995996;0.9529912526526748;1.0;0.2028195872553575;0.06063482775641574
0.960960960960961;0.9519924481689188;1.0;0.1983682823094594;0.05823423900072308
0.9619619619619619;0.9438244724381083;1.0;0.16810288566061152;0.05489261308983493
0.9629629629629629;0.9422101421838616;1.0;0.16316303508261648;0.04955867184826997
0.963963963963964;0.9389070822815456;1.0;0.15382726380580397;0.04422473060670441
0.964964964964965;0.9314431838998497;1.0;0.13603068618968442;0.038890789365139455
0.965965965965966;0.9265673706288765;1.0;0.12635261454455524;0.035035869400411826
0.9669669669669669;0.9217960598104891;1.0;0.1180018533043628;0.031589702943322945
0.9679679679679679;0.9107880013186255;1.0;0.10224016174058571;0.028143536486234064
0.968968968968969;0.8835968225660469;1.0;0.0761897122475538;0.024697370029144804
0.96996996996997;0.8757162178282973;1.0;0.07051567683637412;0.021251203572055927
0.970970970970971;0.885090930522404;1.0;0.05;0.0
0.9719719719719719;0.9573288242518524;1.0;0.05;0.0
0.9729729729729729;1.0;1.0;0.04709220790654056;0.0
0.973973973973974;1.0;1.0;0.03999436387281529;0.0
0.974974974974975;1.0;1.0;0.03670090411245884;0.0
0.975975975975976;1.0;1.0;0.03340744435210238;0.0
0.9769769769769769;1.0;1.0;0.030113984591745926;0.0
0.9779779779779779;1.0;1.0;0.018141331558214093;0.0
0.978978978978979;1.0;1.0;0.015490594452018707;0.0
0.97997997997998;1.0;1.0;0.012839857345823612;0.0
0.980980980980981;1.0;1.0;0.01018912023962852;0.0
0.9819819819819819;1.0;1.0;0.0;0.0
0.9829829829829829;1.0;1.0;0.0;0.0
0.983983983983984;1.0;1.0;0.0;0.0
0.984984984984985;1.0;1.0;0.0;0.0
0.985985985985986;1.0;1.0;0.0;0.0
0.986986986986987;1.0;1.0;0.0;0.0
0.9879879879879879;1.0;1.0;0.0;0.0
0.988988988988989;1.0;1.0;0.0;0.0
0.98998998998999;1.0;1.0;0.0;0.0
0.990990990990991;1.0;1.0;0.0;0.0
0.991991991991992;1.0;1.0;0.0;0.0
0.992992992992993;1.0;1.0;0.0;0.0
0.993993993993994;1.0;1.0;0.0;0.0
0.994994994994995;1.0;1.0;0.0;0.0
0.995995995995996;1.0;1.0;0.0;0.0
0.996996996996997;1.0;1.0;0.0;0.0
0.997997997997998;1.0;1.0;0.0;0.0
0.998998998998999;1.0;1.0;0.0;0.0
1.0;1.0;1.0;0.0;0.0